מוסד,רשות,מחוז תקשוב,מגזר,שם מפקח,שם מנהל,תחום,מספר כיתות בשכבה,מספר תלמידים בשכבה,תלמידים שביצעו משימה אחת לפחות,ממוצע משימות לתלמיד,תלמידים שכלל לא ביצעו משימות,ממוצע משימות לתלמיד- כלל שכבתי
111328-כרמי יהודה,גוש עציון,ירושלים,יהודי,יעקב מאיר קושלבסקי,אביתר חיים קלין,מתמטיקה,4,83,68,11.7,15,9.58
111393-נועם בנות ק.משה,ירושלים,העיר ירושלים,יהודי,יואל דוב ורצברגר,אורית ווייל,מתמטיקה,3,80,79,16,1,15.79
"111450-גוונים מ""מ",קרית ארבע,ירושלים,יהודי,דורית מרגלית רזיאל אלישר,ענבל גונן,מתמטיקה,1,11,11,3.7,0,3.73
112151-מצפה יריחו,מטה בנימין,ירושלים,יהודי,יוסף יעקב שינובר,יוסף יהושע יחזק פלהימר,מתמטיקה,1,21,2,4,19,0.38
112250-עשה חייל,אפרת,ירושלים,יהודי,יעקב מאיר קושלבסקי,תרזה שפרה פרנקל,מתמטיקה,3,61,46,15.7,15,11.84
112516-מבוא חורון,מטה בנימין,ירושלים,יהודי,יוסף יעקב שינובר,ערן מרגלית,מתמטיקה,1,22,10,4,12,1.82
"112953-אהבת ישראל (חרד""ל)",ירושלים,העיר ירושלים,יהודי,יואל דוב ורצברגר,גיא רפאלוב,מתמטיקה,2,45,0,0,45,0
113217-הר נוף ממד בנות,ירושלים,העיר ירושלים,יהודי,יואל דוב ורצברגר,ברוריה בס,מתמטיקה,2,60,46,1.7,14,1.27
113324-בית-אל בנים,בית אל,ירושלים,יהודי,יוסף יעקב שינובר,ירון גיאת,מתמטיקה,3,73,10,1.8,63,0.25
113787-כוכב יעקב בנות,מטה בנימין,ירושלים,יהודי,יוסף יעקב שינובר,דן אפרים בירנבאום,מתמטיקה,2,23,11,1.5,12,0.74
114058-אריאל,אפרת,ירושלים,יהודי,יעקב מאיר קושלבסקי,שולמית גיטל פרוינד,מתמטיקה,1,29,27,3.7,2,3.45
114173-אורות עציון בנים,אפרת,ירושלים,יהודי,יעקב מאיר קושלבסקי,משה גוטליב,מתמטיקה,4,96,1,1,95,0.01
114249-אורות עציון בנות,אפרת,ירושלים,יהודי,יעקב מאיר קושלבסקי,דבורה פרידמן,מתמטיקה,3,63,60,19.9,3,18.92
117002-אל-מוטראן,ירושלים,העיר ירושלים,ערבי,נגוהה פרחאת,ריצ'רד זנאנירי,מתמטיקה,2,60,0,0,60,0
"117010-ביה""ס אל-פריר",ירושלים,העיר ירושלים,ערבי,נגוהה פרחאת,דאוד כסאברי,מתמטיקה,1,34,0,0,34,0
118042-אום טובא,ירושלים,העיר ירושלים,ערבי,מחמד אזברגה,וליד אבו טיר,מתמטיקה,4,99,39,1.2,60,0.48
118067-אחמד סאמח אלחלדי,ירושלים,העיר ירושלים,ערבי,מחמד אזברגה,ווסים רישק,מתמטיקה,3,60,0,0,60,0
118125-טור מכין לבנים,ירושלים,העיר ירושלים,ערבי,נור ח'טיב,כאלד ראשיד,מתמטיקה,2,43,0,0,43,0
118133-טור מכין לבנות,ירושלים,העיר ירושלים,ערבי,נור ח'טיב,מנאל פתיאני,מתמטיקה,3,90,66,1.3,24,0.96
118158-איבן אל-היית'ם,ירושלים,העיר ירושלים,ערבי,רנה ח'לף,אסאמה סביטאני,מתמטיקה,7,157,0,0,157,0
118208-סלואן מכין לבנות,ירושלים,העיר ירושלים,ערבי,מחמד אזברגה,פאטמה פתיחה,מתמטיקה,3,72,0,0,72,0
118240-צור באהר מכין,ירושלים,העיר ירושלים,ערבי,מחמד אזברגה,עארף אבו חאמד,מתמטיקה,3,96,94,12,2,11.77
118281-שעפט לבנות א,ירושלים,העיר ירושלים,ערבי,ח'לדון האדיה,סוזאן כטיב,מתמטיקה,4,103,0,0,103,0
118299-אלתורי לבנות,ירושלים,העיר ירושלים,ערבי,מחמד אזברגה,מהא סלמן,מתמטיקה,4,101,47,4,54,1.88
118307-עמריה,ירושלים,העיר ירושלים,ערבי,ח'לדון האדיה,נפיסה סעידה,מתמטיקה,3,47,22,2.7,25,1.26
118331-מולויה לבנות,ירושלים,העיר ירושלים,ערבי,ח'לדון האדיה,נהיל אבו סרור,מתמטיקה,2,47,34,2.8,13,2.02
118364-איברהמיה,ירושלים,העיר ירושלים,ערבי,נור ח'טיב,נהאד נאסר,מתמטיקה,3,106,0,0,106,0
140012-אולפנא תורנית חורב,ירושלים,העיר ירושלים,יהודי,שרה טוויל,עודד עוזיאל מיזליש,מתמטיקה,5,133,110,6.5,23,5.41
140038-עירוני דתי רוטשילד,ירושלים,העיר ירושלים,יהודי,אריה משה מארק,שולמית אייזקס,מתמטיקה,2,48,34,5.8,14,4.1
140046-עירוני ג',ירושלים,העיר ירושלים,יהודי,דוד נמרוד-סימרוט,רננה אורון,מתמטיקה,3,44,19,4.3,25,1.84
140053-אקדמיה למוסיקה,ירושלים,העיר ירושלים,יהודי,דוד נמרוד-סימרוט,אילנה אוריצקי,מתמטיקה,2,43,38,1.6,5,1.42
140061-תכון ליד האוניברסיטה,ירושלים,העיר ירושלים,יהודי,דוד נמרוד-סימרוט,ארז הקר,מתמטיקה,7,176,140,6.6,36,5.28
140079-הגמנסיה העברית,ירושלים,העיר ירושלים,יהודי,דוד נמרוד-סימרוט,עופר טס,מתמטיקה,6,142,37,12.2,105,3.18
140087-רנה קסין דרכא,ירושלים,העיר ירושלים,יהודי,דוד נמרוד-סימרוט,שגיא כהן,מתמטיקה,4,88,1,6,87,0.07
"140103-תיכון ע""ש בויאר",ירושלים,העיר ירושלים,יהודי,דוד נמרוד-סימרוט,דפנה מנשה-ברוך,מתמטיקה,3,100,88,6.3,12,5.57
140129-קרית נוער ירושלים,ירושלים,העיר ירושלים,יהודי,אריה משה מארק,אביחי חרזי,מתמטיקה,4,83,0,0,83,0
140137-ישיבת נתיב מאיר,ירושלים,העיר ירושלים,יהודי,אריה משה מארק,משה מאיר וייס,מתמטיקה,3,55,3,3.7,52,0.2
140145-ישיבת חורב,ירושלים,העיר ירושלים,יהודי,אריה משה מארק,יצחק דור,מתמטיקה,4,96,1,2,95,0.02
"140186-תורני ע""ש פ. הימלפרב",ירושלים,העיר ירושלים,יהודי,אריה משה מארק,שלמה דנינו,מתמטיקה,5,131,93,3.4,38,2.4
140202-עתיד שחר בית שמש,בית שמש,ירושלים,יהודי,תמר אודס,אלינור ביטון,מתמטיקה,3,58,45,38.1,13,29.57
140236-תורני נסויי בנות פלך,ירושלים,העיר ירושלים,יהודי,אריה משה מארק,יעל-סופי פפר,מתמטיקה,4,102,42,2.5,60,1.02
140277-מדרשיית עמליה,ירושלים,העיר ירושלים,יהודי,שרה טוויל,יעל פרגון,מתמטיקה,2,41,14,2.6,27,0.9
140491-אולפנת צביה ירושלים,ירושלים,העיר ירושלים,יהודי,שרה טוויל,עירית הלוי,מתמטיקה,1,32,28,3.3,4,2.91
140665-אולפנא לבנות,קרית ארבע,ירושלים,יהודי,יעקב עמר,שילה דגנית הלוי,מתמטיקה,4,77,71,3.6,6,3.31
"140723-מקיף ע""ש זיו",ירושלים,העיר ירושלים,יהודי,דוד נמרוד-סימרוט,אורן לאלו,מתמטיקה,6,174,132,4.4,42,3.32
140731-מקיף גילה,ירושלים,העיר ירושלים,יהודי,דוד נמרוד-סימרוט,אייל רייכמן,מתמטיקה,3,57,41,15.4,16,11.07
140806-תיכון לאומנויות,ירושלים,העיר ירושלים,יהודי,דוד נמרוד-סימרוט,תומר בליטי דגן,מתמטיקה,4,92,55,2.1,37,1.27
"140855-חט""ב מבשרת",מבשרת ציון,ירושלים,יהודי,ציפי יעקב,גליה שניידר,מתמטיקה,9,261,148,2,113,1.11
140863-עמל דקל וילנאי,מעלה אדומים,ירושלים,יהודי,ציפי יעקב,דינה זייצב,מתמטיקה,7,178,126,9.8,52,6.97
140871-תיכון גבעת גונן,ירושלים,העיר ירושלים,יהודי,דוד נמרוד-סימרוט,אוהד הופמן,מתמטיקה,3,58,34,1.8,24,1.05
"140889-חט""ב בנים קרית ארבע",קרית ארבע,ירושלים,יהודי,יעקב עמר,מנחם סעדיה,מתמטיקה,3,72,56,16.7,16,13
"140939-ישיבת בנ""ע מטה בנימין",מטה בנימין,ירושלים,יהודי,יעקב עמר,נסים ניצן ימין,מתמטיקה,4,83,3,2,80,0.07
140962-עירוני מסורתי,ירושלים,העיר ירושלים,יהודי,דוד נמרוד-סימרוט,יאיר אלברטון,מתמטיקה,3,50,46,10.9,4,10.04
140970-אולפנא עופרה,מטה בנימין,ירושלים,יהודי,יעקב עמר,אביה זאב ששר,מתמטיקה,7,136,106,4.6,30,3.58
"141002-חט""ב יצחק רבין",גבעת זאב,ירושלים,יהודי,ציפי יעקב,מזל רחל שמש,מתמטיקה,1,27,24,9.3,3,8.3
141010-חטב מכללת אורט גבעת רם ירושלים,ירושלים,העיר ירושלים,יהודי,דוד נמרוד-סימרוט,מיכל דלאל,מתמטיקה,3,67,55,6,12,4.9
141168-תורני לבנות ב.שולמית,ירושלים,העיר ירושלים,יהודי,אריה משה מארק,אמיתי יצחק שחור,מתמטיקה,1,36,17,10.4,19,4.92
141176-אולפנת צביה מ. אדומים,מעלה אדומים,ירושלים,יהודי,יעקב עמר,שלמה נריה ירושלים,מתמטיקה,3,74,47,4.9,27,3.12
141309-עירוני פסגת זאב,ירושלים,העיר ירושלים,יהודי,דוד נמרוד-סימרוט,סוניה רפאלי,מתמטיקה,4,77,70,31.4,7,28.56
141390-מדרשיית עלמא אמונה,ירושלים,העיר ירושלים,יהודי,שרה טוויל,הדס גודמן,מתמטיקה,3,91,33,5.4,58,1.96
141499-אור תורה סטון לבנים,ירושלים,העיר ירושלים,יהודי,אריה משה מארק,יהונתן יפת,מתמטיקה,3,46,28,3.5,18,2.11
141549-אור תורה סטון לבנות,ירושלים,העיר ירושלים,יהודי,שרה טוויל,חנה עסיס,מתמטיקה,4,131,95,5.3,36,3.84
141754-ישיבה תיכ' תורה ומדע,ירושלים,העיר ירושלים,יהודי,שרה טוויל,רפאל עמיחי בובליל,מתמטיקה,1,33,33,5.1,0,5.12
143404-אהל שילה בנים,מטה בנימין,ירושלים,יהודי,יוסף יעקב שינובר,רפאל ממן,מתמטיקה,2,61,26,16,35,6.82
144097-המרכז הישראלי למצוינות בחינוך,ירושלים,העיר ירושלים,יהודי,דוד נמרוד-סימרוט,נועה שפי,מתמטיקה,2,56,56,8.1,0,8.09
144220-תורני נסויי הרטמן,ירושלים,העיר ירושלים,יהודי,שרה טוויל,שאול דוד,מתמטיקה,3,67,53,4.2,14,3.36
144329-תיכון מכבים רעות,מודיעין מכבים רעות,ירושלים,יהודי,ציפי יעקב,רוני אהרון פולט,מתמטיקה,7,181,171,5.9,10,5.59
144428-ישיבת צביה מ.אדומים,מעלה אדומים,ירושלים,יהודי,יעקב עמר,יוסף מנחם פרנקל,מתמטיקה,3,66,53,6,13,4.8
144592-קדמה ירושלים,ירושלים,העיר ירושלים,יהודי,דוד נמרוד-סימרוט,מיכל חדאד,מתמטיקה,1,18,13,1,5,0.72
144600-ישיבה שעלי תורה,בית שמש,ירושלים,יהודי,תמר אודס,תומר זאבי,מתמטיקה,4,92,67,6.2,25,4.49
144626-תבל גבעה צרפתית,ירושלים,העיר ירושלים,יהודי,דוד נמרוד-סימרוט,נחמה נשי נפתלי,מתמטיקה,2,32,23,5.2,9,3.75
"144675-ע""ש יצחק רבין עי""ס",מודיעין מכבים רעות,ירושלים,יהודי,ציפי יעקב,רבקה ריקי נגרי,מתמטיקה,6,198,181,11.2,17,10.26
144683-עירוני א',מודיעין מכבים רעות,ירושלים,יהודי,ציפי יעקב,דביר שלומי,מתמטיקה,7,234,216,9,18,8.32
144691-ישיבת נעם,ירושלים,העיר ירושלים,יהודי,אריה משה מארק,אבישי סגל,מתמטיקה,4,80,1,1,79,0.01
"144717-אולפנת בנ""ע אורות מודיעין",מודיעין מכבים רעות,ירושלים,יהודי,תמר אודס,סגלית נחום,מתמטיקה,5,131,60,4.5,71,2.07
"144741-ע""ש רא""ל מרדכי גור",מודיעין מכבים רעות,ירושלים,יהודי,ציפי יעקב,שרית סנואני,מתמטיקה,6,184,163,6.7,21,5.95
"144758-ישיבת בנ""ע פסגת זאב",ירושלים,העיר ירושלים,יהודי,שרה טוויל,רענן-יוסף שרמן,מתמטיקה,2,45,19,3.2,26,1.36
"144766-ישיבת בנ""ע נר תמיד חשמונאים",מטה בנימין,ירושלים,יהודי,תמר אודס,איתמר ליברמן,מתמטיקה,4,102,60,11.2,42,6.56
148056-תיכון בית צפאפא,ירושלים,העיר ירושלים,ערבי,נגוהה פרחאת,האשם בדר,מתמטיקה,8,190,58,12.6,132,3.84
148080-מקיף אבו גוש,אבו גוש,ירושלים,ערבי,ציפי יעקב,ווגיהה איברהים,מתמטיקה,4,78,68,8.2,10,7.14
148155-תיכון שועפט,ירושלים,העיר ירושלים,ערבי,ענאן קאסם,נאדר נירוך,מתמטיקה,6,192,188,7.6,4,7.49
148189-טרה סנטה גבשה בנים,ירושלים,העיר ירושלים,ערבי,נגוהה פרחאת,איברהים פלתס,מתמטיקה,2,42,0,0,42,0
148197-מקיף בית חנינה,ירושלים,העיר ירושלים,ערבי,ענאן קאסם,מגדי עוויסאת,מתמטיקה,5,130,0,0,130,0
148247-מקיף שש שנתי אלטור לבנים,ירושלים,העיר ירושלים,ערבי,ענאן קאסם,מוחמד דעיס,מתמטיקה,6,146,40,2.3,106,0.62
148254-שועפט בנות ב',ירושלים,העיר ירושלים,ערבי,ח'לדון האדיה,מיסון חלאק,מתמטיקה,4,114,23,2.8,91,0.56
148262-אלעלא,ירושלים,העיר ירושלים,ערבי,ענאן קאסם,סלאם עיד,מתמטיקה,2,52,0,0,52,0
148288-כפר עקב,ירושלים,העיר ירושלים,ערבי,ח'לדון האדיה,אוסאמה טוטח,מתמטיקה,3,119,2,1.5,117,0.03
160242-מקיף קשת,ירושלים,העיר ירושלים,יהודי,דוד נמרוד-סימרוט,אורית צילה סומר,מתמטיקה,3,67,48,5.7,19,4.1
160259-ליבי,ירושלים,העיר ירושלים,יהודי,שרה טוויל,ענבל ישראלי,מתמטיקה,3,57,32,3.2,25,1.77
160416-רעות קהילה דתית,ירושלים,העיר ירושלים,יהודי,דוד נמרוד-סימרוט,עמיעד יעקב מלצר,מתמטיקה,5,108,89,18,19,14.86
160432-ברנקו וייס מקיף בית שמש,בית שמש,ירושלים,יהודי,ציפי יעקב,שמעון ויס,מתמטיקה,7,159,127,6.8,32,5.4
160473-אלוואדי למצוינות,ירושלים,העיר ירושלים,ערבי,ענאן קאסם,עבדלרחמן אחסין,מתמטיקה,3,83,43,3.3,40,1.69
"160549-אמי""ת איתן",מעלה אדומים,ירושלים,יהודי,יעקב עמר,שלמה אליהו דהן,מתמטיקה,4,85,36,12.2,49,5.18
160598-ארץ הצבי,ירושלים,העיר ירושלים,יהודי,שרה טוויל,יוסף איזמן,מתמטיקה,2,32,4,1.3,28,0.16
160739-מנזר רוזרי,ירושלים,העיר ירושלים,ערבי,ענאן קאסם,הודה קיקיה,מתמטיקה,3,120,0,0,120,0
"165852-ישיבת בנ""ע לפיד מודיעין",מודיעין מכבים רעות,ירושלים,יהודי,תמר אודס,שמואל חיים רוזנבלום,מתמטיקה,7,198,165,4.6,33,3.83
168021-צור באהר בנות,ירושלים,העיר ירושלים,ערבי,מחמד אזברגה,הנאדי יעיש,מתמטיקה,2,40,0,0,40,0
168419-אולפנת צביה יצירתית,ירושלים,העיר ירושלים,יהודי,אריה משה מארק,צפורה כהן,מתמטיקה,3,71,32,3.9,39,1.76
170043-תיכון שחרית,ירושלים,העיר ירושלים,יהודי,אריה משה מארק,רני חזון וייס,מתמטיקה,3,50,47,5.2,3,4.92
"170092-קשת ראם ע""ש אליס סליגסברג",ירושלים,העיר ירושלים,יהודי,דוד נמרוד-סימרוט,גלית חזיזה קמיניץ,מתמטיקה,4,82,16,1.1,66,0.21
170399-חטיב אורט מינקןף,ירושלים,העיר ירושלים,יהודי,דוד נמרוד-סימרוט,תמר כספי,מתמטיקה,6,181,12,1.1,169,0.07
170514-אורט פלך בנים ספניאן,ירושלים,העיר ירושלים,יהודי,שרה טוויל,דורון לופז,מתמטיקה,4,90,30,1.7,60,0.56
170803-עמל תעופה וחלל,מעלה אדומים,ירושלים,יהודי,ציפי יעקב,יהודית אילוק,מתמטיקה,7,184,138,7.5,46,5.64
178137-אמירה בסמא,ירושלים,העיר ירושלים,ערבי,ענאן קאסם,שירין סעיד,מתמטיקה,2,39,0,0,39,0
178178-סאחורה מכין בנות,ירושלים,העיר ירושלים,ערבי,רנה ח'לף,אמאל אשקיראת,מתמטיקה,7,185,143,2.8,42,2.14
178194-על יסודי אלחית כפר עקב,ירושלים,העיר ירושלים,ערבי,נגוהה פרחאת,עיסא נאסר,מתמטיקה,2,83,0,0,83,0
179754-כפר עקב חדש,ירושלים,העיר ירושלים,ערבי,ח'לדון האדיה,אמאני פלאח,מתמטיקה,3,85,81,5.4,4,5.19
184010-פריר בית חנינא,ירושלים,העיר ירושלים,ערבי,ענאן קאסם,גורג נבר,מתמטיקה,3,107,0,0,107,0
186395-ראשית,גוש עציון,ירושלים,יהודי,יעקב מאיר קושלבסקי,שרה אבישי,מתמטיקה,2,51,15,4,36,1.18
186908-אולפנא בני עקיבא נריה,מטה בנימין,ירושלים,יהודי,תמר אודס,יניב כהן,מתמטיקה,6,111,81,3.8,30,2.75
187575-ביס שמידט קולג' בנות,ירושלים,העיר ירושלים,ערבי,נגוהה פרחאת,דיתריש בוימר,מתמטיקה,2,36,0,0,36,0
"188086-דמוקרטי ע""ש נדב",מודיעין מכבים רעות,ירושלים,יהודי,טל כהן,מירב ניר הוד,מתמטיקה,1,34,0,0,34,0
"192997-חט""ב עיסוויה בנים",ירושלים,העיר ירושלים,ערבי,ענאן קאסם,חדר עביד,מתמטיקה,5,153,69,2.7,84,1.21
193003-מקיף עיסוואיה לבנות,ירושלים,העיר ירושלים,ערבי,ענאן קאסם,פאטמה עבידאת,מתמטיקה,6,148,55,6.4,93,2.38
193185-אולפנת שעלי תורה,בית שמש,ירושלים,יהודי,תמר אודס,אלעד בן אליהו,מתמטיקה,4,87,47,3,40,1.6
"198085-חט""ב ראס אל-עמוד",ירושלים,העיר ירושלים,ערבי,רנה ח'לף,סאלח סאלח,מתמטיקה,6,135,0,0,135,0
198192-תיכון צור באהר,ירושלים,העיר ירושלים,ערבי,רנה ח'לף,היתאם סלאמה,מתמטיקה,6,130,27,2.7,103,0.55
237354-תיכון יחד,מודיעין מכבים רעות,ירושלים,יהודי,ציפי יעקב,שגיב אלבז,מתמטיקה,4,136,134,13.6,2,13.43
238121-אולפנת נוגה,מטה יהודה,ירושלים,יהודי,תמר אודס,מרים לאה קורן,מתמטיקה,5,131,98,10.2,33,7.66
238493-יסודי אלאימאן לבנים,ירושלים,העיר ירושלים,ערבי,מחמד אזברגה,השאם בצבוצ,מתמטיקה,1,20,0,0,20,0
238501-יסודי אלאימאן בנות,ירושלים,העיר ירושלים,ערבי,מחמד אזברגה,מדלין חמורי,מתמטיקה,2,58,0,0,58,0
239871-סמהר לבנות,ירושלים,העיר ירושלים,ערבי,ענאן קאסם,אמאל טחאן,מתמטיקה,3,106,14,1.4,92,0.19
239905-ג'רוזלם סקול יסודי,ירושלים,העיר ירושלים,ערבי,ענאן קאסם,מג'ד רביע,מתמטיקה,2,64,0,0,64,0
246041-אהבת ישראל,ירושלים,העיר ירושלים,יהודי,שירה יזדי,סיון דוד,מתמטיקה,1,27,23,4.3,4,3.67
247411-תיכון סנט טרקמנצ'ץ,ירושלים,העיר ירושלים,ערבי,נגוהה פרחאת,נארק אברהמיאן,מתמטיקה,1,8,0,0,8,0
267930-אלמוסתקבל אלאהלייה,ירושלים,העיר ירושלים,ערבי,ענאן קאסם,ענאיה אבו סנינה,מתמטיקה,1,29,0,0,29,0
"267955-ביה""ס אמליסון",ירושלים,העיר ירושלים,ערבי,מחמד אזברגה,וסים עלי,מתמטיקה,1,22,0,0,22,0
338343-יסודי דאר אלאולאד,ירושלים,העיר ירושלים,ערבי,נור ח'טיב,אוסאמה מושעשע,מתמטיקה,1,22,0,0,22,0
338418-עתיד דביר בנים,בית שמש,ירושלים,יהודי,תמר אודס,אברהם שושן,מתמטיקה,4,79,60,22.8,19,17.3
338434-ברידג' אינטרנשיונל,ירושלים,העיר ירושלים,ערבי,ענאן קאסם,שירין שחאדה,מתמטיקה,1,16,0,0,16,0
338483-אבו חאמד אלגזאלי,ירושלים,העיר ירושלים,ערבי,מחמד אזברגה,שירין אבראהים,מתמטיקה,2,31,0,0,31,0
"338509-חט""ב לבונה",בית אריה,ירושלים,יהודי,ציפי יעקב,חן בן שמעון,מתמטיקה,4,76,68,5.1,8,4.61
338533-שדא אלוורד,ירושלים,העיר ירושלים,ערבי,מחמד אזברגה,סרין סאפי,מתמטיקה,1,16,0,0,16,0
"338616-שש שנתי אמי""ת בנות",מעלה אדומים,ירושלים,יהודי,יעקב עמר,רונית תשובה,מתמטיקה,4,77,22,1.8,55,0.52
343970-על יסודי מאר מטרי,ירושלים,העיר ירושלים,ערבי,נגוהה פרחאת,ארגס עאסי,מתמטיקה,1,14,0,0,14,0
344911-אורט עירוני ד,מודיעין מכבים רעות,ירושלים,יהודי,ציפי יעקב,צופית חדד,מתמטיקה,7,205,199,17.1,6,16.55
346494-תיכון יד ביד,ירושלים,העיר ירושלים,יהודי,דוד נמרוד-סימרוט,דניאל עמוס דה שליט,מתמטיקה,2,52,44,9.9,8,8.37
347757-סאדברי ירושלים,ירושלים,העיר ירושלים,יהודי,אסנת עוזיאל,שחר יצחק גרוסמן,מתמטיקה,1,12,1,2,11,0.17
353458-יסודי שועפט,ירושלים,העיר ירושלים,ערבי,ענאן קאסם,מופיד אבו גוש,מתמטיקה,2,45,1,2,44,0.04
353599-אהבת ישראל,בית שמש,ירושלים,יהודי,תמר אודס,עמיחי רוזנפלד,מתמטיקה,2,51,32,17.8,19,11.18
362046-רנסנס,ירושלים,העיר ירושלים,ערבי,ענאן קאסם,אסמת גחלב,מתמטיקה,2,49,0,0,49,0
"368084-בי""ס ע""י אלאספניול",ירושלים,העיר ירושלים,ערבי,נגוהה פרחאת,סאלי רפידי,מתמטיקה,1,19,1,2,18,0.11
412676-דאר אל חכמה,ירושלים,העיר ירושלים,ערבי,ענאן קאסם,אברהים דוויק,מתמטיקה,3,55,0,0,55,0
417832-חן נריה,גוש עציון,ירושלים,יהודי,יעקב מאיר קושלבסקי,רוחמה ווגל,מתמטיקה,2,62,60,14,2,13.53
420018-על יסודי צור הדסה,צור הדסה,ירושלים,יהודי,ציפי יעקב,דביר קפלן,מתמטיקה,6,135,89,6.6,46,4.33
430074-מקור התקווה,ירושלים,העיר ירושלים,יהודי,שמחה שגית קליימן,יואל רוסו,מתמטיקה,1,9,0,0,9,0
430355-בית ספר יסודי אלפגר אלגדיד,ירושלים,העיר ירושלים,ערבי,ח'לדון האדיה,זינב הנדי,מתמטיקה,2,55,0,0,55,0
430363-גיל אלמוסתקבל,ירושלים,העיר ירושלים,ערבי,ח'לדון האדיה,ליאלי גומעה,מתמטיקה,2,35,0,0,35,0
430439-בית ספר רואא,ירושלים,העיר ירושלים,ערבי,מחמד אזברגה,מנאר עאבדין,מתמטיקה,2,42,0,0,42,0
440412-תיכון מקיף אלראזי,ירושלים,העיר ירושלים,ערבי,ענאן קאסם,אלאא אלעדרה,מתמטיקה,3,93,0,0,93,0
440685-בית שכונת זגיר,ירושלים,העיר ירושלים,ערבי,ח'לדון האדיה,רבא ארנאוט,מתמטיקה,2,70,0,0,70,0
440693-אלראזי,ירושלים,העיר ירושלים,ערבי,ענאן קאסם,באסם דוויק,מתמטיקה,2,68,0,0,68,0
"440784-ראס אלעמוד ע""ס לבנות",ירושלים,העיר ירושלים,ערבי,רנה ח'לף,אריג' ארנאוט,מתמטיקה,5,111,21,1,90,0.19
"442780-אמי""ת בנות מודיעין",מודיעין מכבים רעות,ירושלים,יהודי,תמר אודס,ליאת כהן וגשל,מתמטיקה,6,135,119,27.4,16,24.19
442822-ברנקו וייס עין נקובה,מטה יהודה,ירושלים,ערבי,ציפי יעקב,איהאב אלזיאדנה,מתמטיקה,4,84,61,3.4,23,2.46
442855-הרטמן בנות,ירושלים,העיר ירושלים,יהודי,שרה טוויל,מיכל הרטמן,מתמטיקה,3,89,57,4,32,2.57
"450270-אמי""ת בנים מודיעין",מודיעין מכבים רעות,ירושלים,יהודי,תמר אודס,ליאור שמעון צ'קוטאי,מתמטיקה,4,117,94,4.4,23,3.5
460667-אולפנת אהבת ישראל,בית שמש,ירושלים,יהודי,תמר אודס,ורדית כהנא,מתמטיקה,2,65,64,33.1,1,32.63
477901-מקיף בית חנינה לבנות,ירושלים,העיר ירושלים,ערבי,ענאן קאסם,ליאנא האשם,מתמטיקה,6,163,31,7.5,132,1.42
478909-בית ספר יסודי נור אל,ירושלים,העיר ירושלים,ערבי,מחמד אזברגה,נדאא אבו כף,מתמטיקה,1,20,0,0,20,0
"499897-בי""ס אשרקאת אלג'ד",ירושלים,העיר ירושלים,ערבי,ענאן קאסם,מאגדה אבראהים חדר,מתמטיקה,1,36,0,0,36,0
511550-אום טובה לבנות,ירושלים,העיר ירושלים,ערבי,מחמד אזברגה,מחמד אבו טיר,מתמטיקה,3,97,0,0,97,0
511618-נווה הראל,גוש עציון,ירושלים,יהודי,יעקב מאיר קושלבסקי,צפורה זקש,מתמטיקה,2,46,40,15.7,6,13.63
"511808-בי""ס יסודי מדל איסט",ירושלים,העיר ירושלים,ערבי,ח'לדון האדיה,ולאא אמבייד,מתמטיקה,2,30,0,0,30,0
512343-יסודי אלמסתקבל שועפט,ירושלים,העיר ירושלים,ערבי,ענאן קאסם,נג'את עמורה,מתמטיקה,1,31,0,0,31,0
512459-הניסויי כפר אדומים,מטה בנימין,ירושלים,יהודי,יוסף יעקב שינובר,נועם שכטר,מתמטיקה,5,106,29,4.6,77,1.26
512509-קדם,גוש עציון,ירושלים,יהודי,יעקב מאיר קושלבסקי,אהרון פרידלנדר,מתמטיקה,2,42,1,5,41,0.12
522441-אלפקיה,ירושלים,העיר ירושלים,ערבי,ענאן קאסם,רובא מומני,מתמטיקה,2,66,0,0,66,0
"540500-ע""ש יצחק נבון מודיעין",מודיעין מכבים רעות,ירושלים,יהודי,ציפי יעקב,ענבל לוי,מתמטיקה,6,182,146,10.7,36,8.62
611871-מבוא חורון בנות,מטה בנימין,ירושלים,יהודי,יוסף יעקב שינובר,אורה קראוז,מתמטיקה,2,40,31,8.9,9,6.9
615948-ישיבת מקור חיים,ירושלים,העיר ירושלים,יהודי,שרה טוויל,יהונתן גוטמן,מתמטיקה,3,100,1,5,99,0.05
"615955-אח""י תקוע 2",גוש עציון,ירושלים,יהודי,יעקב מאיר קושלבסקי,יהונתן אהוביה רוזנק,מתמטיקה,6,113,63,3.3,50,1.83
"615971-חב""ד בנות",בית שמש,ירושלים,יהודי,מרים ויצמן,חנה אריה,מתמטיקה,2,32,27,29.4,5,24.78
616151-נווה השחר,גוש עציון,ירושלים,יהודי,יעקב מאיר קושלבסקי,טליה נחמה שקד,מתמטיקה,2,64,58,14.9,6,13.53
616508-אלסופרא,ירושלים,העיר ירושלים,ערבי,ח'לדון האדיה,רובא חשים אבו דייה,מתמטיקה,3,86,1,1,85,0.01
616961-ארתיקאא לשפות,ירושלים,העיר ירושלים,ערבי,ח'לדון האדיה,מלכה טרביה עזאם,מתמטיקה,2,36,0,0,36,0
617019-אשבאל אלקודס,ירושלים,העיר ירושלים,ערבי,נור ח'טיב,מחמד הרבוק,מתמטיקה,2,49,43,8.4,6,7.35
634840-חיואר,ירושלים,העיר ירושלים,ערבי,ענאן קאסם,מנאל דראושה,מתמטיקה,2,49,11,1.5,38,0.35
634857-אלפא,ירושלים,העיר ירושלים,ערבי,נור ח'טיב,אקרם אבראהים,מתמטיקה,2,47,0,0,47,0
641407-אלמתנבי,ירושלים,העיר ירושלים,ערבי,ענאן קאסם,עאסם חסונה,מתמטיקה,4,109,24,6.9,85,1.51
641415-רוואד אלקודס,ירושלים,העיר ירושלים,ערבי,ענאן קאסם,נארימן אלתאג'י,מתמטיקה,4,113,103,2.2,10,1.97
641464-אבדאע לאומניות.,ירושלים,העיר ירושלים,ערבי,נגוהה פרחאת,מלחם בדר,מתמטיקה,3,68,8,1.8,60,0.21
"641480-אולפנת בנ""ע שילה",מטה בנימין,ירושלים,יהודי,יעקב עמר,הדר ברינדל אטון,מתמטיקה,4,112,75,4.9,37,3.25
"641498-ישיבה תיכונית בנ""ע עלי",מטה בנימין,ירושלים,יהודי,יעקב עמר,עובדיה בן משה,מתמטיקה,3,65,40,3.4,25,2.06
641522-על יסודי אדם,ירושלים,העיר ירושלים,יהודי,דוד נמרוד-סימרוט,הילה מור,מתמטיקה,3,54,37,6.7,17,4.57
641563-תיכון דרך,ירושלים,העיר ירושלים,יהודי,דוד נמרוד-סימרוט,יפעת נדב,מתמטיקה,3,61,53,9.1,8,7.92
641662-תבל תיכון רמות,ירושלים,העיר ירושלים,יהודי,דוד נמרוד-סימרוט,גילי סלומון,מתמטיקה,3,43,37,6.9,6,5.93
645424-ניסוי ארגנטינה,ירושלים,העיר ירושלים,יהודי,דוד נמרוד-סימרוט,גיל הלר,מתמטיקה,2,45,3,1,42,0.07
645986-בית הספר האמריקאי יר,ירושלים,העיר ירושלים,ערבי,ענאן קאסם,אליזבט רייצ'ל אלבום,מתמטיקה,1,14,0,0,14,0
650028-אלקימה,ירושלים,העיר ירושלים,ערבי,ענאן קאסם,יאסמין בלעום,מתמטיקה,2,40,0,0,40,0
650523-אולפנת בית אל,בית אל,ירושלים,יהודי,יעקב עמר,רעות רוחמה טסלר,מתמטיקה,3,82,66,5.5,16,4.39
668962-אלביאן מקיף,ירושלים,העיר ירושלים,ערבי,רנה ח'לף,ראשה ג'בר,מתמטיקה,2,51,18,2.1,33,0.75
"673822-התיכון הנכו""ן",מטה בנימין,ירושלים,יהודי,ציפי יעקב,רונית ברק,מתמטיקה,5,134,55,2.4,79,0.97
674564-ב''ס עהדונא,ירושלים,העיר ירושלים,ערבי,ח'לדון האדיה,פרידה זגייר,מתמטיקה,1,58,0,0,58,0
676619-רוואד הטכנולוגי,ירושלים,העיר ירושלים,ערבי,נגוהה פרחאת,מונה נאבולסי,מתמטיקה,5,115,0,0,115,0
"678433-ב""ס אלחסאד",ירושלים,העיר ירושלים,ערבי,נגוהה פרחאת,אשרף מגאהד,מתמטיקה,3,104,0,0,104,0
681288-תיכון לביא,מטה בנימין,ירושלים,יהודי,יעקב עמר,אברהם קימל,מתמטיקה,2,46,35,3.3,11,2.5
682351-מסע,ירושלים,העיר ירושלים,יהודי,שרה טוויל,-,מתמטיקה,2,57,16,2.8,41,0.79
715623-מקיף אלסלעה,ירושלים,העיר ירושלים,ערבי,רנה ח'לף,ולאא גול,מתמטיקה,3,88,16,3.5,72,0.64
718924-זו אלנוריין,ירושלים,העיר ירושלים,ערבי,ענאן קאסם,עבדלנאצר סלים,מתמטיקה,1,28,0,0,28,0
722298-בית ספר יחיאל,מטה יהודה,ירושלים,יהודי,ליאת אלהרר כהן,יוסף סופר,מתמטיקה,1,19,0,0,19,0
725309-בית ספר אלעמליה אלנמ,ירושלים,העיר ירושלים,ערבי,ענאן קאסם,מנאל גולאני,מתמטיקה,2,78,0,0,78,0
729145-בית ספר דאר אלהודה אלנמודג'יה,ירושלים,העיר ירושלים,ערבי,ענאן קאסם,חמזה קיסי,מתמטיקה,2,64,0,0,64,0
733527-סאדברי-עמק האלה,מטה יהודה,ירושלים,יהודי,ליאת אלהרר כהן,סיגל שיבובסקי,מתמטיקה,1,7,0,0,7,0
743369-טרה סנטה בית חנינא,ירושלים,העיר ירושלים,ערבי,מחמד אזברגה,גורג אבו סעדה,מתמטיקה,1,16,7,2.3,9,1
746313-בית ספר עהדונא,ירושלים,העיר ירושלים,ערבי,נור ח'טיב,-,מתמטיקה,1,22,0,0,22,0
746529-בית ספר יסודי אלפארו,ירושלים,העיר ירושלים,ערבי,ח'לדון האדיה,גאדה בשיתי,מתמטיקה,2,45,0,0,45,0
"746735-בי""ס אלמטאר",ירושלים,העיר ירושלים,ערבי,נגוהה פרחאת,גמאל ג'בארין,מתמטיקה,3,92,0,0,92,0
"747345-בי""ס אלמוסתקבל",ירושלים,העיר ירושלים,ערבי,ח'לדון האדיה,מלכה אבו עומר,מתמטיקה,1,32,0,0,32,0
747360-בית ספר יסודי אלסלאם,ירושלים,העיר ירושלים,ערבי,ח'לדון האדיה,סלאח יונס,מתמטיקה,2,58,0,0,58,0
747402-דאוחת אלאבדאע,ירושלים,העיר ירושלים,ערבי,נגוהה פרחאת,מואייד אלעוקבי,מתמטיקה,6,206,0,0,206,0
754721-דאר אל חכמה,ירושלים,העיר ירושלים,ערבי,ענאן קאסם,רים תמימי,מתמטיקה,3,62,0,0,62,0
757583-בית ספר סמירא מיס,ירושלים,העיר ירושלים,ערבי,נגוהה פרחאת,ראנייה גועבה,מתמטיקה,3,74,0,0,74,0
758227-יסודי אלאימאן בנים,ירושלים,העיר ירושלים,ערבי,מחמד אזברגה,מואיד נאצר,מתמטיקה,3,81,0,0,81,0
759134-סדנת שילוב יובלים,גוש עציון,ירושלים,יהודי,יעקב מאיר קושלבסקי,ימימה ספרא,מתמטיקה,1,6,0,0,6,0
"770727-אולפנת בנ""ע טל רמות",ירושלים,העיר ירושלים,יהודי,שרה טוויל,יסכה לב,מתמטיקה,2,59,50,3.5,9,2.97
771089-התיכון הניסויי,ירושלים,העיר ירושלים,יהודי,דוד נמרוד-סימרוט,גיל שלה,מתמטיקה,3,58,3,4.7,55,0.24
111328-כרמי יהודה,גוש עציון,ירושלים,יהודי,יעקב מאיר קושלבסקי,אביתר חיים קלין,מדעים,4,83,65,4.5,18,3.53
"111450-גוונים מ""מ",קרית ארבע,ירושלים,יהודי,דורית מרגלית רזיאל אלישר,ענבל גונן,מדעים,1,11,9,1,2,0.82
112151-מצפה יריחו,מטה בנימין,ירושלים,יהודי,יוסף יעקב שינובר,יוסף יהושע יחזק פלהימר,מדעים,1,21,0,0,21,0
112250-עשה חייל,אפרת,ירושלים,יהודי,יעקב מאיר קושלבסקי,תרזה שפרה פרנקל,מדעים,3,61,4,1,57,0.07
112516-מבוא חורון,מטה בנימין,ירושלים,יהודי,יוסף יעקב שינובר,ערן מרגלית,מדעים,1,22,1,1,21,0.05
113324-בית-אל בנים,בית אל,ירושלים,יהודי,יוסף יעקב שינובר,ירון גיאת,מדעים,3,73,49,1,24,0.68
113787-כוכב יעקב בנות,מטה בנימין,ירושלים,יהודי,יוסף יעקב שינובר,דן אפרים בירנבאום,מדעים,2,23,0,0,23,0
114058-אריאל,אפרת,ירושלים,יהודי,יעקב מאיר קושלבסקי,שולמית גיטל פרוינד,מדעים,1,29,26,2.9,3,2.62
114173-אורות עציון בנים,אפרת,ירושלים,יהודי,יעקב מאיר קושלבסקי,משה גוטליב,מדעים,4,96,10,1.1,86,0.11
114249-אורות עציון בנות,אפרת,ירושלים,יהודי,יעקב מאיר קושלבסקי,דבורה פרידמן,מדעים,3,63,50,3.3,13,2.65
140202-עתיד שחר בית שמש,בית שמש,ירושלים,יהודי,תמר אודס,אלינור ביטון,מדעים,3,58,39,1,19,0.67
140665-אולפנא לבנות,קרית ארבע,ירושלים,יהודי,יעקב עמר,שילה דגנית הלוי,מדעים,4,77,61,3.2,16,2.55
"140855-חט""ב מבשרת",מבשרת ציון,ירושלים,יהודי,ציפי יעקב,גליה שניידר,מדעים,9,261,143,1.2,118,0.64
140863-עמל דקל וילנאי,מעלה אדומים,ירושלים,יהודי,ציפי יעקב,דינה זייצב,מדעים,7,178,158,3.9,20,3.42
"140889-חט""ב בנים קרית ארבע",קרית ארבע,ירושלים,יהודי,יעקב עמר,מנחם סעדיה,מדעים,3,72,52,2.5,20,1.78
"140939-ישיבת בנ""ע מטה בנימין",מטה בנימין,ירושלים,יהודי,יעקב עמר,נסים ניצן ימין,מדעים,4,83,0,0,83,0
140970-אולפנא עופרה,מטה בנימין,ירושלים,יהודי,יעקב עמר,אביה זאב ששר,מדעים,7,136,104,2.5,32,1.9
"141002-חט""ב יצחק רבין",גבעת זאב,ירושלים,יהודי,ציפי יעקב,מזל רחל שמש,מדעים,1,27,18,1.6,9,1.07
141176-אולפנת צביה מ. אדומים,מעלה אדומים,ירושלים,יהודי,יעקב עמר,שלמה נריה ירושלים,מדעים,3,74,52,1.4,22,0.99
143404-אהל שילה בנים,מטה בנימין,ירושלים,יהודי,יוסף יעקב שינובר,רפאל ממן,מדעים,2,61,0,0,61,0
144329-תיכון מכבים רעות,מודיעין מכבים רעות,ירושלים,יהודי,ציפי יעקב,רוני אהרון פולט,מדעים,7,181,86,1.8,95,0.86
144428-ישיבת צביה מ.אדומים,מעלה אדומים,ירושלים,יהודי,יעקב עמר,יוסף מנחם פרנקל,מדעים,3,66,14,1.9,52,0.39
144600-ישיבה שעלי תורה,בית שמש,ירושלים,יהודי,תמר אודס,תומר זאבי,מדעים,4,92,60,2.3,32,1.48
"144675-ע""ש יצחק רבין עי""ס",מודיעין מכבים רעות,ירושלים,יהודי,ציפי יעקב,רבקה ריקי נגרי,מדעים,6,198,173,3.1,25,2.69
144683-עירוני א',מודיעין מכבים רעות,ירושלים,יהודי,ציפי יעקב,דביר שלומי,מדעים,7,234,206,2.4,28,2.15
"144717-אולפנת בנ""ע אורות מודיעין",מודיעין מכבים רעות,ירושלים,יהודי,תמר אודס,סגלית נחום,מדעים,5,131,87,1.5,44,0.98
"144741-ע""ש רא""ל מרדכי גור",מודיעין מכבים רעות,ירושלים,יהודי,ציפי יעקב,שרית סנואני,מדעים,6,184,143,1.9,41,1.51
"144766-ישיבת בנ""ע נר תמיד חשמונאים",מטה בנימין,ירושלים,יהודי,תמר אודס,איתמר ליברמן,מדעים,4,102,15,2.7,87,0.39
148080-מקיף אבו גוש,אבו גוש,ירושלים,ערבי,ציפי יעקב,ווגיהה איברהים,מדעים,4,78,59,1.3,19,0.97
160432-ברנקו וייס מקיף בית שמש,בית שמש,ירושלים,יהודי,ציפי יעקב,שמעון ויס,מדעים,7,159,119,2,40,1.53
"160549-אמי""ת איתן",מעלה אדומים,ירושלים,יהודי,יעקב עמר,שלמה אליהו דהן,מדעים,4,85,30,1.1,55,0.38
"165852-ישיבת בנ""ע לפיד מודיעין",מודיעין מכבים רעות,ירושלים,יהודי,תמר אודס,שמואל חיים רוזנבלום,מדעים,7,198,69,2,129,0.71
170803-עמל תעופה וחלל,מעלה אדומים,ירושלים,יהודי,ציפי יעקב,יהודית אילוק,מדעים,7,184,148,3.8,36,3.07
186395-ראשית,גוש עציון,ירושלים,יהודי,יעקב מאיר קושלבסקי,שרה אבישי,מדעים,2,51,0,0,51,0
186908-אולפנא בני עקיבא נריה,מטה בנימין,ירושלים,יהודי,תמר אודס,יניב כהן,מדעים,6,111,93,2.2,18,1.83
"188086-דמוקרטי ע""ש נדב",מודיעין מכבים רעות,ירושלים,יהודי,טל כהן,מירב ניר הוד,מדעים,1,34,0,0,34,0
193185-אולפנת שעלי תורה,בית שמש,ירושלים,יהודי,תמר אודס,אלעד בן אליהו,מדעים,4,87,47,1.4,40,0.78
237354-תיכון יחד,מודיעין מכבים רעות,ירושלים,יהודי,ציפי יעקב,שגיב אלבז,מדעים,4,136,106,1.3,30,1.03
238121-אולפנת נוגה,מטה יהודה,ירושלים,יהודי,תמר אודס,מרים לאה קורן,מדעים,5,131,24,1.1,107,0.2
338418-עתיד דביר בנים,בית שמש,ירושלים,יהודי,תמר אודס,אברהם שושן,מדעים,4,79,65,3.4,14,2.78
"338509-חט""ב לבונה",בית אריה,ירושלים,יהודי,ציפי יעקב,חן בן שמעון,מדעים,4,76,67,3.7,9,3.28
"338616-שש שנתי אמי""ת בנות",מעלה אדומים,ירושלים,יהודי,יעקב עמר,רונית תשובה,מדעים,4,77,49,1.3,28,0.84
344911-אורט עירוני ד,מודיעין מכבים רעות,ירושלים,יהודי,ציפי יעקב,צופית חדד,מדעים,7,205,188,2.3,17,2.12
353599-אהבת ישראל,בית שמש,ירושלים,יהודי,תמר אודס,עמיחי רוזנפלד,מדעים,2,51,31,4.9,20,2.96
417832-חן נריה,גוש עציון,ירושלים,יהודי,יעקב מאיר קושלבסקי,רוחמה ווגל,מדעים,2,62,62,4.8,0,4.79
420018-על יסודי צור הדסה,צור הדסה,ירושלים,יהודי,ציפי יעקב,דביר קפלן,מדעים,6,135,0,0,135,0
"442780-אמי""ת בנות מודיעין",מודיעין מכבים רעות,ירושלים,יהודי,תמר אודס,ליאת כהן וגשל,מדעים,6,135,88,1.9,47,1.27
442822-ברנקו וייס עין נקובה,מטה יהודה,ירושלים,ערבי,ציפי יעקב,איהאב אלזיאדנה,מדעים,4,84,36,1.7,48,0.74
"450270-אמי""ת בנים מודיעין",מודיעין מכבים רעות,ירושלים,יהודי,תמר אודס,ליאור שמעון צ'קוטאי,מדעים,4,117,68,1.2,49,0.68
460667-אולפנת אהבת ישראל,בית שמש,ירושלים,יהודי,תמר אודס,ורדית כהנא,מדעים,2,65,49,1.9,16,1.43
511618-נווה הראל,גוש עציון,ירושלים,יהודי,יעקב מאיר קושלבסקי,צפורה זקש,מדעים,2,46,0,0,46,0
512459-הניסויי כפר אדומים,מטה בנימין,ירושלים,יהודי,יוסף יעקב שינובר,נועם שכטר,מדעים,5,106,70,1.9,36,1.27
512509-קדם,גוש עציון,ירושלים,יהודי,יעקב מאיר קושלבסקי,אהרון פרידלנדר,מדעים,2,42,30,2.2,12,1.57
"540500-ע""ש יצחק נבון מודיעין",מודיעין מכבים רעות,ירושלים,יהודי,ציפי יעקב,ענבל לוי,מדעים,6,182,88,1,94,0.48
611871-מבוא חורון בנות,מטה בנימין,ירושלים,יהודי,יוסף יעקב שינובר,אורה קראוז,מדעים,2,40,2,2,38,0.1
"615955-אח""י תקוע 2",גוש עציון,ירושלים,יהודי,יעקב מאיר קושלבסקי,יהונתן אהוביה רוזנק,מדעים,6,113,0,0,113,0
"615971-חב""ד בנות",בית שמש,ירושלים,יהודי,מרים ויצמן,חנה אריה,מדעים,2,32,0,0,32,0
616151-נווה השחר,גוש עציון,ירושלים,יהודי,יעקב מאיר קושלבסקי,טליה נחמה שקד,מדעים,2,64,55,3.9,9,3.39
"641480-אולפנת בנ""ע שילה",מטה בנימין,ירושלים,יהודי,יעקב עמר,הדר ברינדל אטון,מדעים,4,112,81,2.4,31,1.76
"641498-ישיבה תיכונית בנ""ע עלי",מטה בנימין,ירושלים,יהודי,יעקב עמר,עובדיה בן משה,מדעים,3,65,54,4.1,11,3.42
650523-אולפנת בית אל,בית אל,ירושלים,יהודי,יעקב עמר,רעות רוחמה טסלר,מדעים,3,82,73,2.9,9,2.62
"673822-התיכון הנכו""ן",מטה בנימין,ירושלים,יהודי,ציפי יעקב,רונית ברק,מדעים,5,134,125,2.5,9,2.34
681288-תיכון לביא,מטה בנימין,ירושלים,יהודי,יעקב עמר,אברהם קימל,מדעים,2,46,3,2,43,0.13
722298-בית ספר יחיאל,מטה יהודה,ירושלים,יהודי,ליאת אלהרר כהן,יוסף סופר,מדעים,1,19,0,0,19,0
733527-סאדברי-עמק האלה,מטה יהודה,ירושלים,יהודי,ליאת אלהרר כהן,סיגל שיבובסקי,מדעים,1,7,0,0,7,0
759134-סדנת שילוב יובלים,גוש עציון,ירושלים,יהודי,יעקב מאיר קושלבסקי,ימימה ספרא,מדעים,1,6,0,0,6,0
111393-נועם בנות ק.משה,ירושלים,העיר ירושלים,יהודי,יואל דוב ורצברגר,אורית ווייל,מדעים,3,80,75,5.8,5,5.44
"112953-אהבת ישראל (חרד""ל)",ירושלים,העיר ירושלים,יהודי,יואל דוב ורצברגר,גיא רפאלוב,מדעים,2,45,0,0.0,45,0.00
113217-הר נוף ממד בנות,ירושלים,העיר ירושלים,יהודי,יואל דוב ורצברגר,ברוריה בס,מדעים,2,60,23,1.5,37,0.58
117002-אל-מוטראן,ירושלים,העיר ירושלים,ערבי,נגוהה פרחאת,ריצ'רד זנאנירי,מדעים,2,60,0,0.0,60,0.00
"117010-ביה""ס אל-פריר",ירושלים,העיר ירושלים,ערבי,נגוהה פרחאת,דאוד כסאברי,מדעים,1,34,0,0.0,34,0.00
118042-אום טובא,ירושלים,העיר ירושלים,ערבי,מחמד אזברגה,וליד אבו טיר,מדעים,4,99,13,1.2,86,0.16
118067-אחמד סאמח אלחלדי,ירושלים,העיר ירושלים,ערבי,מחמד אזברגה,ווסים רישק,מדעים,3,60,40,1.0,20,0.67
118125-טור מכין לבנים,ירושלים,העיר ירושלים,ערבי,נור ח'טיב,כאלד ראשיד,מדעים,2,43,0,0.0,43,0.00
118133-טור מכין לבנות,ירושלים,העיר ירושלים,ערבי,נור ח'טיב,מנאל פתיאני,מדעים,3,90,90,5.0,0,4.98
118158-איבן אל-היית'ם,ירושלים,העיר ירושלים,ערבי,רנה ח'לף,אסאמה סביטאני,מדעים,7,157,107,2.0,50,1.34
118208-סלואן מכין לבנות,ירושלים,העיר ירושלים,ערבי,מחמד אזברגה,פאטמה פתיחה,מדעים,3,72,0,0.0,72,0.00
118240-צור באהר מכין,ירושלים,העיר ירושלים,ערבי,מחמד אזברגה,עארף אבו חאמד,מדעים,3,96,89,4.5,7,4.21
118281-שעפט לבנות א,ירושלים,העיר ירושלים,ערבי,ח'לדון האדיה,סוזאן כטיב,מדעים,4,103,21,2.6,82,0.53
118299-אלתורי לבנות,ירושלים,העיר ירושלים,ערבי,מחמד אזברגה,מהא סלמן,מדעים,4,101,43,2.3,58,1.00
118307-עמריה,ירושלים,העיר ירושלים,ערבי,ח'לדון האדיה,נפיסה סעידה,מדעים,3,47,29,4.4,18,2.72
118331-מולויה לבנות,ירושלים,העיר ירושלים,ערבי,ח'לדון האדיה,נהיל אבו סרור,מדעים,2,47,47,5.8,0,5.83
118364-איברהמיה,ירושלים,העיר ירושלים,ערבי,נור ח'טיב,נהאד נאסר,מדעים,3,106,0,0.0,106,0.00
140012-אולפנא תורנית חורב,ירושלים,העיר ירושלים,יהודי,שרה טוויל,עודד עוזיאל מיזליש,מדעים,5,133,102,3.4,31,2.59
140038-עירוני דתי רוטשילד,ירושלים,העיר ירושלים,יהודי,אריה משה מארק,שולמית אייזקס,מדעים,2,48,40,2.9,8,2.44
140046-עירוני ג',ירושלים,העיר ירושלים,יהודי,דוד נמרוד-סימרוט,רננה אורון,מדעים,3,44,21,1.7,23,0.82
140053-אקדמיה למוסיקה,ירושלים,העיר ירושלים,יהודי,דוד נמרוד-סימרוט,אילנה אוריצקי,מדעים,2,43,1,1.0,42,0.02
140061-תכון ליד האוניברסיטה,ירושלים,העיר ירושלים,יהודי,דוד נמרוד-סימרוט,ארז הקר,מדעים,7,176,0,0.0,176,0.00
140079-הגמנסיה העברית,ירושלים,העיר ירושלים,יהודי,דוד נמרוד-סימרוט,עופר טס,מדעים,6,142,66,1.5,76,0.72
140087-רנה קסין דרכא,ירושלים,העיר ירושלים,יהודי,דוד נמרוד-סימרוט,שגיא כהן,מדעים,4,88,19,1.0,69,0.22
"140103-תיכון ע""ש בויאר",ירושלים,העיר ירושלים,יהודי,דוד נמרוד-סימרוט,דפנה מנשה-ברוך,מדעים,3,100,43,1.0,57,0.43
140129-קרית נוער ירושלים,ירושלים,העיר ירושלים,יהודי,אריה משה מארק,אביחי חרזי,מדעים,4,83,23,1.5,60,0.41
140137-ישיבת נתיב מאיר,ירושלים,העיר ירושלים,יהודי,אריה משה מארק,משה מאיר וייס,מדעים,3,55,1,1.0,54,0.02
140145-ישיבת חורב,ירושלים,העיר ירושלים,יהודי,אריה משה מארק,יצחק דור,מדעים,4,96,39,2.0,57,0.82
"140186-תורני ע""ש פ. הימלפרב",ירושלים,העיר ירושלים,יהודי,אריה משה מארק,שלמה דנינו,מדעים,5,131,111,1.7,20,1.42
140236-תורני נסויי בנות פלך,ירושלים,העיר ירושלים,יהודי,אריה משה מארק,יעל-סופי פפר,מדעים,4,102,29,1.6,73,0.46
140277-מדרשיית עמליה,ירושלים,העיר ירושלים,יהודי,שרה טוויל,יעל פרגון,מדעים,2,41,25,4.0,16,2.41
140491-אולפנת צביה ירושלים,ירושלים,העיר ירושלים,יהודי,שרה טוויל,עירית הלוי,מדעים,1,32,31,2.5,1,2.44
"140723-מקיף ע""ש זיו",ירושלים,העיר ירושלים,יהודי,דוד נמרוד-סימרוט,אורן לאלו,מדעים,6,174,145,1.9,29,1.62
140731-מקיף גילה,ירושלים,העיר ירושלים,יהודי,דוד נמרוד-סימרוט,אייל רייכמן,מדעים,3,57,37,1.0,20,0.67
140806-תיכון לאומנויות,ירושלים,העיר ירושלים,יהודי,דוד נמרוד-סימרוט,תומר בליטי דגן,מדעים,4,92,11,1.5,81,0.18
140871-תיכון גבעת גונן,ירושלים,העיר ירושלים,יהודי,דוד נמרוד-סימרוט,אוהד הופמן,מדעים,3,58,38,2.6,20,1.71
140962-עירוני מסורתי,ירושלים,העיר ירושלים,יהודי,דוד נמרוד-סימרוט,יאיר אלברטון,מדעים,3,50,15,1.9,35,0.58
141010-חטב מכללת אורט גבעת רם ירושלים,ירושלים,העיר ירושלים,יהודי,דוד נמרוד-סימרוט,מיכל דלאל,מדעים,3,67,56,6.1,11,5.13
141168-תורני לבנות ב.שולמית,ירושלים,העיר ירושלים,יהודי,אריה משה מארק,אמיתי יצחק שחור,מדעים,1,36,24,1.3,12,0.83
141309-עירוני פסגת זאב,ירושלים,העיר ירושלים,יהודי,דוד נמרוד-סימרוט,סוניה רפאלי,מדעים,4,77,45,1.9,32,1.10
141390-מדרשיית עלמא אמונה,ירושלים,העיר ירושלים,יהודי,שרה טוויל,הדס גודמן,מדעים,3,91,28,3.0,63,0.93
141499-אור תורה סטון לבנים,ירושלים,העיר ירושלים,יהודי,אריה משה מארק,יהונתן יפת,מדעים,3,46,18,2.4,28,0.93
141549-אור תורה סטון לבנות,ירושלים,העיר ירושלים,יהודי,שרה טוויל,חנה עסיס,מדעים,4,131,127,3.8,4,3.65
141754-ישיבה תיכ' תורה ומדע,ירושלים,העיר ירושלים,יהודי,שרה טוויל,רפאל עמיחי בובליל,מדעים,1,33,28,2.9,5,2.45
144097-המרכז הישראלי למצוינות בחינוך,ירושלים,העיר ירושלים,יהודי,דוד נמרוד-סימרוט,נועה שפי,מדעים,2,56,0,0.0,56,0.00
144220-תורני נסויי הרטמן,ירושלים,העיר ירושלים,יהודי,שרה טוויל,שאול דוד,מדעים,3,67,19,3.4,48,0.97
144592-קדמה ירושלים,ירושלים,העיר ירושלים,יהודי,דוד נמרוד-סימרוט,מיכל חדאד,מדעים,1,18,17,3.2,1,3.00
144626-תבל גבעה צרפתית,ירושלים,העיר ירושלים,יהודי,דוד נמרוד-סימרוט,נחמה נשי נפתלי,מדעים,2,32,0,0.0,32,0.00
144691-ישיבת נעם,ירושלים,העיר ירושלים,יהודי,אריה משה מארק,אבישי סגל,מדעים,4,80,18,1.9,62,0.44
"144758-ישיבת בנ""ע פסגת זאב",ירושלים,העיר ירושלים,יהודי,שרה טוויל,רענן-יוסף שרמן,מדעים,2,45,0,0.0,45,0.00
148056-תיכון בית צפאפא,ירושלים,העיר ירושלים,ערבי,נגוהה פרחאת,האשם בדר,מדעים,8,190,68,1.7,122,0.61
148155-תיכון שועפט,ירושלים,העיר ירושלים,ערבי,ענאן קאסם,נאדר נירוך,מדעים,6,192,186,6.4,6,6.24
148189-טרה סנטה גבשה בנים,ירושלים,העיר ירושלים,ערבי,נגוהה פרחאת,איברהים פלתס,מדעים,2,42,0,0.0,42,0.00
148197-מקיף בית חנינה,ירושלים,העיר ירושלים,ערבי,ענאן קאסם,מגדי עוויסאת,מדעים,5,130,58,2.2,72,0.98
148247-מקיף שש שנתי אלטור לבנים,ירושלים,העיר ירושלים,ערבי,ענאן קאסם,מוחמד דעיס,מדעים,6,146,48,4.1,98,1.35
148254-שועפט בנות ב',ירושלים,העיר ירושלים,ערבי,ח'לדון האדיה,מיסון חלאק,מדעים,4,114,33,4.1,81,1.18
148262-אלעלא,ירושלים,העיר ירושלים,ערבי,ענאן קאסם,סלאם עיד,מדעים,2,52,34,2.3,18,1.48
148288-כפר עקב,ירושלים,העיר ירושלים,ערבי,ח'לדון האדיה,אוסאמה טוטח,מדעים,3,119,24,1.1,95,0.22
160242-מקיף קשת,ירושלים,העיר ירושלים,יהודי,דוד נמרוד-סימרוט,אורית צילה סומר,מדעים,3,67,1,4.0,66,0.06
160259-ליבי,ירושלים,העיר ירושלים,יהודי,שרה טוויל,ענבל ישראלי,מדעים,3,57,0,0.0,57,0.00
160416-רעות קהילה דתית,ירושלים,העיר ירושלים,יהודי,דוד נמרוד-סימרוט,עמיעד יעקב מלצר,מדעים,5,108,95,1.9,13,1.68
160473-אלוואדי למצוינות,ירושלים,העיר ירושלים,ערבי,ענאן קאסם,עבדלרחמן אחסין,מדעים,3,83,75,5.8,8,5.25
160598-ארץ הצבי,ירושלים,העיר ירושלים,יהודי,שרה טוויל,יוסף איזמן,מדעים,2,32,2,1.0,30,0.06
160739-מנזר רוזרי,ירושלים,העיר ירושלים,ערבי,ענאן קאסם,הודה קיקיה,מדעים,3,120,0,0.0,120,0.00
168021-צור באהר בנות,ירושלים,העיר ירושלים,ערבי,מחמד אזברגה,הנאדי יעיש,מדעים,2,40,0,0.0,40,0.00
168419-אולפנת צביה יצירתית,ירושלים,העיר ירושלים,יהודי,אריה משה מארק,צפורה כהן,מדעים,3,71,45,1.0,26,0.63
170043-תיכון שחרית,ירושלים,העיר ירושלים,יהודי,אריה משה מארק,רני חזון וייס,מדעים,3,50,36,1.9,14,1.34
"170092-קשת ראם ע""ש אליס סליגסברג",ירושלים,העיר ירושלים,יהודי,דוד נמרוד-סימרוט,גלית חזיזה קמיניץ,מדעים,4,82,15,1.5,67,0.27
170399-חטיב אורט מינקןף,ירושלים,העיר ירושלים,יהודי,דוד נמרוד-סימרוט,תמר כספי,מדעים,6,181,102,1.1,79,0.64
170514-אורט פלך בנים ספניאן,ירושלים,העיר ירושלים,יהודי,שרה טוויל,דורון לופז,מדעים,4,90,67,1.2,23,0.88
178137-אמירה בסמא,ירושלים,העיר ירושלים,ערבי,ענאן קאסם,שירין סעיד,מדעים,2,39,0,0.0,39,0.00
178178-סאחורה מכין בנות,ירושלים,העיר ירושלים,ערבי,רנה ח'לף,אמאל אשקיראת,מדעים,7,185,169,2.9,16,2.69
178194-על יסודי אלחית כפר עקב,ירושלים,העיר ירושלים,ערבי,נגוהה פרחאת,עיסא נאסר,מדעים,2,83,0,0.0,83,0.00
179754-כפר עקב חדש,ירושלים,העיר ירושלים,ערבי,ח'לדון האדיה,אמאני פלאח,מדעים,3,85,85,3.0,0,2.99
184010-פריר בית חנינא,ירושלים,העיר ירושלים,ערבי,ענאן קאסם,גורג נבר,מדעים,3,107,0,0.0,107,0.00
187575-ביס שמידט קולג' בנות,ירושלים,העיר ירושלים,ערבי,נגוהה פרחאת,דיתריש בוימר,מדעים,2,36,0,0.0,36,0.00
"192997-חט""ב עיסוויה בנים",ירושלים,העיר ירושלים,ערבי,ענאן קאסם,חדר עביד,מדעים,5,153,143,2.7,10,2.48
193003-מקיף עיסוואיה לבנות,ירושלים,העיר ירושלים,ערבי,ענאן קאסם,פאטמה עבידאת,מדעים,6,148,121,3.7,27,3.03
"198085-חט""ב ראס אל-עמוד",ירושלים,העיר ירושלים,ערבי,רנה ח'לף,סאלח סאלח,מדעים,6,135,0,0.0,135,0.00
198192-תיכון צור באהר,ירושלים,העיר ירושלים,ערבי,רנה ח'לף,היתאם סלאמה,מדעים,6,130,96,3.8,34,2.77
238493-יסודי אלאימאן לבנים,ירושלים,העיר ירושלים,ערבי,מחמד אזברגה,השאם בצבוצ,מדעים,1,20,0,0.0,20,0.00
238501-יסודי אלאימאן בנות,ירושלים,העיר ירושלים,ערבי,מחמד אזברגה,מדלין חמורי,מדעים,2,58,0,0.0,58,0.00
239871-סמהר לבנות,ירושלים,העיר ירושלים,ערבי,ענאן קאסם,אמאל טחאן,מדעים,3,106,79,5.4,27,3.99
239905-ג'רוזלם סקול יסודי,ירושלים,העיר ירושלים,ערבי,ענאן קאסם,מג'ד רביע,מדעים,2,64,0,0.0,64,0.00
246041-אהבת ישראל,ירושלים,העיר ירושלים,יהודי,שירה יזדי,סיון דוד,מדעים,1,27,25,2.5,2,2.30
247411-תיכון סנט טרקמנצ'ץ,ירושלים,העיר ירושלים,ערבי,נגוהה פרחאת,נארק אברהמיאן,מדעים,1,8,0,0.0,8,0.00
267930-אלמוסתקבל אלאהלייה,ירושלים,העיר ירושלים,ערבי,ענאן קאסם,ענאיה אבו סנינה,מדעים,1,29,0,0.0,29,0.00
"267955-ביה""ס אמליסון",ירושלים,העיר ירושלים,ערבי,מחמד אזברגה,וסים עלי,מדעים,1,22,0,0.0,22,0.00
338343-יסודי דאר אלאולאד,ירושלים,העיר ירושלים,ערבי,נור ח'טיב,אוסאמה מושעשע,מדעים,1,22,0,0.0,22,0.00
338434-ברידג' אינטרנשיונל,ירושלים,העיר ירושלים,ערבי,ענאן קאסם,שירין שחאדה,מדעים,1,16,0,0.0,16,0.00
338483-אבו חאמד אלגזאלי,ירושלים,העיר ירושלים,ערבי,מחמד אזברגה,שירין אבראהים,מדעים,2,31,0,0.0,31,0.00
338533-שדא אלוורד,ירושלים,העיר ירושלים,ערבי,מחמד אזברגה,סרין סאפי,מדעים,1,16,0,0.0,16,0.00
343970-על יסודי מאר מטרי,ירושלים,העיר ירושלים,ערבי,נגוהה פרחאת,ארגס עאסי,מדעים,1,14,0,0.0,14,0.00
346494-תיכון יד ביד,ירושלים,העיר ירושלים,יהודי,דוד נמרוד-סימרוט,דניאל עמוס דה שליט,מדעים,2,52,16,2.6,36,0.79
347757-סאדברי ירושלים,ירושלים,העיר ירושלים,יהודי,אסנת עוזיאל,שחר יצחק גרוסמן,מדעים,1,12,1,1.0,11,0.08
353458-יסודי שועפט,ירושלים,העיר ירושלים,ערבי,ענאן קאסם,מופיד אבו גוש,מדעים,2,45,16,1.3,29,0.44
362046-רנסנס,ירושלים,העיר ירושלים,ערבי,ענאן קאסם,אסמת גחלב,מדעים,2,49,19,1.2,30,0.45
"368084-בי""ס ע""י אלאספניול",ירושלים,העיר ירושלים,ערבי,נגוהה פרחאת,סאלי רפידי,מדעים,1,19,1,2.0,18,0.11
412676-דאר אל חכמה,ירושלים,העיר ירושלים,ערבי,ענאן קאסם,אברהים דוויק,מדעים,3,55,0,0.0,55,0.00
430074-מקור התקווה,ירושלים,העיר ירושלים,יהודי,שמחה שגית קליימן,יואל רוסו,מדעים,1,9,0,0.0,9,0.00
430355-בית ספר יסודי אלפגר אלגדיד,ירושלים,העיר ירושלים,ערבי,ח'לדון האדיה,זינב הנדי,מדעים,2,55,0,0.0,55,0.00
430363-גיל אלמוסתקבל,ירושלים,העיר ירושלים,ערבי,ח'לדון האדיה,ליאלי גומעה,מדעים,2,35,0,0.0,35,0.00
430439-בית ספר רואא,ירושלים,העיר ירושלים,ערבי,מחמד אזברגה,מנאר עאבדין,מדעים,2,42,0,0.0,42,0.00
440412-תיכון מקיף אלראזי,ירושלים,העיר ירושלים,ערבי,ענאן קאסם,אלאא אלעדרה,מדעים,3,93,0,0.0,93,0.00
440685-בית שכונת זגיר,ירושלים,העיר ירושלים,ערבי,ח'לדון האדיה,רבא ארנאוט,מדעים,2,70,0,0.0,70,0.00
440693-אלראזי,ירושלים,העיר ירושלים,ערבי,ענאן קאסם,באסם דוויק,מדעים,2,68,0,0.0,68,0.00
"440784-ראס אלעמוד ע""ס לבנות",ירושלים,העיר ירושלים,ערבי,רנה ח'לף,אריג' ארנאוט,מדעים,5,111,39,2.9,72,1.04
442855-הרטמן בנות,ירושלים,העיר ירושלים,יהודי,שרה טוויל,מיכל הרטמן,מדעים,3,89,59,2.0,30,1.35
477901-מקיף בית חנינה לבנות,ירושלים,העיר ירושלים,ערבי,ענאן קאסם,ליאנא האשם,מדעים,6,163,31,2.4,132,0.45
478909-בית ספר יסודי נור אל,ירושלים,העיר ירושלים,ערבי,מחמד אזברגה,נדאא אבו כף,מדעים,1,20,0,0.0,20,0.00
"499897-בי""ס אשרקאת אלג'ד",ירושלים,העיר ירושלים,ערבי,ענאן קאסם,מאגדה אבראהים חדר,מדעים,1,36,0,0.0,36,0.00
511550-אום טובה לבנות,ירושלים,העיר ירושלים,ערבי,מחמד אזברגה,מחמד אבו טיר,מדעים,3,97,62,1.2,35,0.77
"511808-בי""ס יסודי מדל איסט",ירושלים,העיר ירושלים,ערבי,ח'לדון האדיה,ולאא אמבייד,מדעים,2,30,0,0.0,30,0.00
512343-יסודי אלמסתקבל שועפט,ירושלים,העיר ירושלים,ערבי,ענאן קאסם,נג'את עמורה,מדעים,1,31,0,0.0,31,0.00
522441-אלפקיה,ירושלים,העיר ירושלים,ערבי,ענאן קאסם,רובא מומני,מדעים,2,66,0,0.0,66,0.00
615948-ישיבת מקור חיים,ירושלים,העיר ירושלים,יהודי,שרה טוויל,יהונתן גוטמן,מדעים,3,100,75,4.0,25,2.98
616508-אלסופרא,ירושלים,העיר ירושלים,ערבי,ח'לדון האדיה,רובא חשים אבו דייה,מדעים,3,86,83,1.8,3,1.77
616961-ארתיקאא לשפות,ירושלים,העיר ירושלים,ערבי,ח'לדון האדיה,מלכה טרביה עזאם,מדעים,2,36,33,2.9,3,2.64
617019-אשבאל אלקודס,ירושלים,העיר ירושלים,ערבי,נור ח'טיב,מחמד הרבוק,מדעים,2,49,42,3.2,7,2.71
634840-חיואר,ירושלים,העיר ירושלים,ערבי,ענאן קאסם,מנאל דראושה,מדעים,2,49,47,4.8,2,4.57
634857-אלפא,ירושלים,העיר ירושלים,ערבי,נור ח'טיב,אקרם אבראהים,מדעים,2,47,40,2.4,7,2.02
641407-אלמתנבי,ירושלים,העיר ירושלים,ערבי,ענאן קאסם,עאסם חסונה,מדעים,4,109,28,3.5,81,0.90
641415-רוואד אלקודס,ירושלים,העיר ירושלים,ערבי,ענאן קאסם,נארימן אלתאג'י,מדעים,4,113,97,1.8,16,1.55
641464-אבדאע לאומניות.,ירושלים,העיר ירושלים,ערבי,נגוהה פרחאת,מלחם בדר,מדעים,3,68,59,1.6,9,1.35
641522-על יסודי אדם,ירושלים,העיר ירושלים,יהודי,דוד נמרוד-סימרוט,הילה מור,מדעים,3,54,0,0.0,54,0.00
641563-תיכון דרך,ירושלים,העיר ירושלים,יהודי,דוד נמרוד-סימרוט,יפעת נדב,מדעים,3,61,39,1.0,22,0.66
641662-תבל תיכון רמות,ירושלים,העיר ירושלים,יהודי,דוד נמרוד-סימרוט,גילי סלומון,מדעים,3,43,39,3.7,4,3.33
645424-ניסוי ארגנטינה,ירושלים,העיר ירושלים,יהודי,דוד נמרוד-סימרוט,גיל הלר,מדעים,2,45,34,1.5,11,1.16
645986-בית הספר האמריקאי יר,ירושלים,העיר ירושלים,ערבי,ענאן קאסם,אליזבט רייצ'ל אלבום,מדעים,1,14,0,0.0,14,0.00
650028-אלקימה,ירושלים,העיר ירושלים,ערבי,ענאן קאסם,יאסמין בלעום,מדעים,2,40,18,4.0,22,1.80
668962-אלביאן מקיף,ירושלים,העיר ירושלים,ערבי,רנה ח'לף,ראשה ג'בר,מדעים,2,51,43,1.9,8,1.59
674564-ב''ס עהדונא,ירושלים,העיר ירושלים,ערבי,ח'לדון האדיה,פרידה זגייר,מדעים,1,58,0,0.0,58,0.00
676619-רוואד הטכנולוגי,ירושלים,העיר ירושלים,ערבי,נגוהה פרחאת,מונה נאבולסי,מדעים,5,115,0,0.0,115,0.00
"678433-ב""ס אלחסאד",ירושלים,העיר ירושלים,ערבי,נגוהה פרחאת,אשרף מגאהד,מדעים,3,104,0,0.0,104,0.00
682351-מסע,ירושלים,העיר ירושלים,יהודי,שרה טוויל,-,מדעים,2,57,0,0.0,57,0.00
715623-מקיף אלסלעה,ירושלים,העיר ירושלים,ערבי,רנה ח'לף,ולאא גול,מדעים,3,88,42,3.1,46,1.47
718924-זו אלנוריין,ירושלים,העיר ירושלים,ערבי,ענאן קאסם,עבדלנאצר סלים,מדעים,1,28,0,0.0,28,0.00
725309-בית ספר אלעמליה אלנמ,ירושלים,העיר ירושלים,ערבי,ענאן קאסם,מנאל גולאני,מדעים,2,78,0,0.0,78,0.00
729145-בית ספר דאר אלהודה אלנמודג'יה,ירושלים,העיר ירושלים,ערבי,ענאן קאסם,חמזה קיסי,מדעים,2,64,0,0.0,64,0.00
743369-טרה סנטה בית חנינא,ירושלים,העיר ירושלים,ערבי,מחמד אזברגה,גורג אבו סעדה,מדעים,1,16,12,3.2,4,2.38
746313-בית ספר עהדונא,ירושלים,העיר ירושלים,ערבי,נור ח'טיב,-,מדעים,1,22,0,0.0,22,0.00
746529-בית ספר יסודי אלפארו,ירושלים,העיר ירושלים,ערבי,ח'לדון האדיה,גאדה בשיתי,מדעים,2,45,0,0.0,45,0.00
"746735-בי""ס אלמטאר",ירושלים,העיר ירושלים,ערבי,נגוהה פרחאת,גמאל ג'בארין,מדעים,3,92,0,0.0,92,0.00
"747345-בי""ס אלמוסתקבל",ירושלים,העיר ירושלים,ערבי,ח'לדון האדיה,מלכה אבו עומר,מדעים,1,32,0,0.0,32,0.00
747360-בית ספר יסודי אלסלאם,ירושלים,העיר ירושלים,ערבי,ח'לדון האדיה,סלאח יונס,מדעים,2,58,0,0.0,58,0.00
747402-דאוחת אלאבדאע,ירושלים,העיר ירושלים,ערבי,נגוהה פרחאת,מואייד אלעוקבי,מדעים,6,206,0,0.0,206,0.00
754721-דאר אל חכמה,ירושלים,העיר ירושלים,ערבי,ענאן קאסם,רים תמימי,מדעים,3,62,0,0.0,62,0.00
757583-בית ספר סמירא מיס,ירושלים,העיר ירושלים,ערבי,נגוהה פרחאת,ראנייה גועבה,מדעים,3,74,0,0.0,74,0.00
758227-יסודי אלאימאן בנים,ירושלים,העיר ירושלים,ערבי,מחמד אזברגה,מואיד נאצר,מדעים,3,81,0,0.0,81,0.00
"770727-אולפנת בנ""ע טל רמות",ירושלים,העיר ירושלים,יהודי,שרה טוויל,יסכה לב,מדעים,2,59,17,1.4,42,0.39
771089-התיכון הניסויי,ירושלים,העיר ירושלים,יהודי,דוד נמרוד-סימרוט,גיל שלה,מדעים,3,58,43,1.5,15,1.14
